Source Paper,Cited Paper
Trends on Climate (1),Analysis on Education (87)
Impact on Energy (2),Study on AI (78)
Impact on Energy (2),Review on Healthcare (100)
Impact on Energy (2),Impact on Climate (42)
Impact on Energy (2),Review on Education (94)
Impact on Energy (2),Analysis on Technology (40)
Analysis on Energy (3),Analysis on AI (41)
Analysis on Energy (3),Impact on Healthcare (60)
Trends on Technology (4),Impact on Healthcare (49)
Analysis on Technology (5),Review on Healthcare (100)
Analysis on Technology (5),Impact on Education (71)
Analysis on Technology (5),Analysis on Education (33)
Analysis on Technology (5),Trends on Climate (65)
Insights on Education (6),Analysis on Healthcare (64)
Review on Education (7),Insights on Education (92)
Trends on Technology (8),Trends on Climate (50)
Analysis on Technology (9),Insights on Climate (48)
Analysis on Technology (9),Impact on Climate (70)
Analysis on Technology (9),Trends on Education (54)
Analysis on Technology (9),Study on AI (78)
Review on Technology (10),Analysis on Technology (5)
Review on Technology (10),Trends on AI (46)
Review on Technology (10),Insights on Energy (20)
Review on Technology (10),Impact on AI (83)
Study on Energy (11),Analysis on AI (41)
Trends on AI (12),Insights on Education (61)
Trends on AI (12),Analysis on Education (87)
Trends on AI (12),Analysis on Education (90)
Trends on AI (12),Study on Healthcare (96)
Trends on AI (12),Trends on Climate (57)
Review on AI (13),Review on Technology (37)
Analysis on Education (14),Review on Technology (37)
Review on Climate (15),Impact on Climate (70)
Review on Climate (15),Impact on Healthcare (49)
Review on Climate (15),Review on Climate (29)
Review on Climate (15),Analysis on Education (38)
Review on Climate (15),Analysis on Technology (40)
Impact on AI (16),Insights on Climate (89)
Insights on AI (17),Study on Healthcare (53)
Insights on AI (17),Analysis on Education (38)
Insights on AI (17),Analysis on Technology (43)
Insights on AI (17),Review on Education (34)
Insights on AI (17),Impact on Technology (52)
Analysis on Energy (18),Analysis on Education (31)
Analysis on Energy (18),Trends on AI (46)
Insights on Climate (19),Insights on Education (6)
Insights on Climate (19),Impact on Technology (55)
Insights on Climate (19),Impact on AI (83)
Insights on Climate (19),Study on Technology (45)
Insights on Climate (19),Impact on Climate (42)
Insights on Energy (20),Insights on Climate (19)
Insights on Energy (20),Trends on Climate (50)
Insights on Energy (20),Insights on Climate (67)
Insights on Energy (20),Trends on Healthcare (22)
Trends on Technology (21),Trends on Education (76)
Trends on Technology (21),Insights on AI (86)
Trends on Technology (21),Trends on Climate (65)
Trends on Technology (21),Review on Climate (29)
Trends on Technology (21),Analysis on Education (87)
Trends on Healthcare (22),Review on Education (34)
Review on Climate (23),Review on Energy (79)
Review on Climate (23),Review on Energy (62)
Review on Climate (23),Trends on Technology (8)
Analysis on Climate (24),Analysis on Technology (5)
Analysis on Climate (24),Insights on AI (86)
Analysis on Climate (24),Analysis on Technology (40)
Analysis on Climate (24),Trends on Healthcare (72)
Study on Climate (25),Insights on Education (6)
Study on Climate (25),Analysis on Education (33)
Study on Climate (25),Insights on Education (61)
Study on Climate (25),Analysis on Technology (5)
Analysis on Climate (26),Trends on Technology (21)
Analysis on Climate (26),Analysis on Energy (18)
Trends on Healthcare (27),Study on Healthcare (53)
Trends on Healthcare (27),Analysis on AI (58)
Trends on Healthcare (27),Analysis on Education (33)
Impact on Healthcare (28),Study on Climate (95)
Review on Climate (29),Trends on Climate (57)
Review on Climate (29),Trends on Technology (21)
Review on Climate (29),Trends on Climate (65)
Review on Climate (29),Impact on Healthcare (59)
Review on Climate (29),Impact on Healthcare (28)
Trends on AI (30),Trends on Technology (21)
Trends on AI (30),Trends on AI (46)
Trends on AI (30),Analysis on Technology (9)
Trends on AI (30),Trends on Climate (57)
Analysis on Education (31),Review on Climate (15)
Analysis on Education (31),Study on AI (78)
Analysis on Education (31),Trends on Education (54)
Analysis on Education (31),Review on Technology (69)
Review on Energy (32),Impact on Energy (2)
Analysis on Education (33),Impact on AI (16)
Analysis on Education (33),Impact on Healthcare (28)
Analysis on Education (33),Impact on AI (83)
Analysis on Education (33),Analysis on Technology (9)
Review on Education (34),Study on Energy (11)
Review on Education (34),Insights on Education (61)
Review on Healthcare (35),Insights on Healthcare (85)
Review on Healthcare (35),Analysis on Energy (18)
Review on Healthcare (35),Impact on Climate (70)
Impact on AI (36),Trends on Climate (57)
Impact on AI (36),Analysis on Technology (5)
Impact on AI (36),Study on Technology (97)
Impact on AI (36),Trends on Technology (8)
Impact on AI (36),Impact on AI (16)
Review on Technology (37),Trends on Technology (51)
Review on Technology (37),Insights on Education (77)
Analysis on Education (38),Impact on Climate (70)
Analysis on Education (38),Study on Technology (97)
Insights on Technology (39),Analysis on Healthcare (81)
Insights on Technology (39),Insights on Climate (67)
Insights on Technology (39),Trends on Climate (57)
Analysis on Technology (40),Study on Energy (11)
Analysis on Technology (40),Review on Climate (23)
Analysis on Technology (40),Impact on Technology (88)
Analysis on AI (41),Review on AI (74)
Analysis on AI (41),Impact on Healthcare (28)
Analysis on AI (41),Insights on Climate (19)
Impact on Climate (42),Impact on Technology (55)
Impact on Climate (42),Impact on Healthcare (28)
Impact on Climate (42),Review on Climate (23)
Impact on Climate (42),Insights on AI (17)
Impact on Climate (42),Insights on Climate (19)
Analysis on Technology (43),Study on Healthcare (53)
Analysis on Technology (43),Trends on AI (12)
Impact on Healthcare (44),Study on Climate (95)
Impact on Healthcare (44),Review on AI (74)
Impact on Healthcare (44),Impact on Healthcare (28)
Study on Technology (45),Impact on Energy (2)
Trends on AI (46),Insights on Healthcare (93)
Trends on AI (46),Impact on AI (83)
Trends on AI (46),Analysis on Technology (5)
Trends on AI (46),Impact on AI (36)
Impact on Education (47),Trends on Climate (57)
Impact on Education (47),Trends on Education (54)
Impact on Education (47),Impact on Healthcare (28)
Impact on Education (47),Trends on AI (46)
Insights on Climate (48),Review on AI (74)
Insights on Climate (48),Insights on Healthcare (93)
Insights on Climate (48),Analysis on Education (90)
Insights on Climate (48),Impact on Healthcare (60)
Insights on Climate (48),Impact on Climate (42)
Impact on Healthcare (49),Trends on Healthcare (22)
Impact on Healthcare (49),Analysis on Energy (18)
Trends on Climate (50),Analysis on Healthcare (81)
Trends on Climate (50),Impact on Healthcare (59)
Trends on Climate (50),Trends on Climate (80)
Trends on Climate (50),Review on Education (7)
Trends on Climate (50),Trends on AI (46)
Trends on Technology (51),Analysis on Education (33)
Trends on Technology (51),Analysis on Energy (3)
Trends on Technology (51),Insights on Climate (89)
Impact on Technology (52),Study on AI (78)
Study on Healthcare (53),Insights on Climate (67)
Study on Healthcare (53),Trends on Education (54)
Trends on Education (54),Trends on Healthcare (27)
Trends on Education (54),Analysis on AI (41)
Trends on Education (54),Analysis on Technology (9)
Trends on Education (54),Analysis on Education (87)
Trends on Education (54),Trends on Technology (8)
Impact on Technology (55),Review on Climate (73)
Impact on Technology (55),Review on Energy (79)
Impact on Technology (55),Trends on Technology (51)
Impact on Technology (55),Analysis on Education (33)
Impact on Technology (55),Analysis on Education (90)
Review on Education (56),Trends on Energy (91)
Trends on Climate (57),Impact on Education (47)
Analysis on AI (58),Trends on Climate (80)
Analysis on AI (58),Trends on AI (30)
Analysis on AI (58),Insights on Education (6)
Impact on Healthcare (59),Review on Technology (37)
Impact on Healthcare (59),Review on Education (7)
Impact on Healthcare (59),Insights on Education (6)
Impact on Healthcare (59),Trends on AI (46)
Impact on Healthcare (59),Trends on AI (12)
Impact on Healthcare (60),Analysis on Healthcare (81)
Impact on Healthcare (60),Analysis on AI (58)
Impact on Healthcare (60),Analysis on Education (90)
Insights on Education (61),Analysis on Education (33)
Insights on Education (61),Insights on Energy (20)
Insights on Education (61),Trends on Education (76)
Insights on Education (61),Study on Healthcare (96)
Review on Energy (62),Review on AI (66)
Trends on Technology (63),Impact on Climate (42)
Trends on Technology (63),Impact on Education (71)
Analysis on Healthcare (64),Trends on AI (46)
Analysis on Healthcare (64),Analysis on Technology (43)
Analysis on Healthcare (64),Study on Healthcare (53)
Analysis on Healthcare (64),Impact on Education (71)
Analysis on Healthcare (64),Impact on Healthcare (28)
Trends on Climate (65),Insights on Technology (39)
Trends on Climate (65),Insights on Education (61)
Review on AI (66),Impact on AI (36)
Review on AI (66),Impact on Healthcare (44)
Review on AI (66),Impact on Education (71)
Review on AI (66),Trends on Healthcare (27)
Insights on Climate (67),Review on Technology (10)
Study on Healthcare (68),Analysis on Technology (43)
Study on Healthcare (68),Impact on Healthcare (59)
Study on Healthcare (68),Analysis on AI (41)
Review on Technology (69),Review on Energy (32)
Review on Technology (69),Review on Climate (29)
Review on Technology (69),Impact on Education (99)
Review on Technology (69),Impact on Energy (2)
Impact on Climate (70),Analysis on AI (41)
Impact on Education (71),Trends on Technology (4)
Impact on Education (71),Analysis on Energy (18)
Impact on Education (71),Impact on AI (16)
Impact on Education (71),Analysis on Healthcare (81)
Trends on Healthcare (72),Study on Healthcare (96)
Trends on Healthcare (72),Analysis on Climate (24)
Review on Climate (73),Trends on Technology (4)
Review on Climate (73),Review on Education (56)
Review on AI (74),Review on Climate (29)
Review on AI (74),Insights on Healthcare (85)
Review on AI (74),Impact on AI (16)
Review on AI (74),Impact on Healthcare (60)
Insights on AI (75),Review on AI (66)
Trends on Education (76),Review on Climate (23)
Trends on Education (76),Impact on Technology (55)
Trends on Education (76),Trends on Healthcare (22)
Trends on Education (76),Trends on Technology (51)
Trends on Education (76),Insights on Healthcare (93)
Insights on Education (77),Review on Energy (79)
Insights on Education (77),Insights on Education (61)
Study on AI (78),Review on Climate (23)
Study on AI (78),Trends on Technology (21)
Review on Energy (79),Review on AI (74)
Review on Energy (79),Insights on AI (17)
Review on Energy (79),Impact on Technology (55)
Review on Energy (79),Impact on AI (83)
Review on Energy (79),Review on Climate (73)
Trends on Climate (80),Review on Healthcare (100)
Analysis on Healthcare (81),Study on AI (78)
Analysis on Healthcare (81),Review on Climate (15)
Review on Technology (82),Trends on Climate (50)
Review on Technology (82),Insights on AI (17)
Review on Technology (82),Review on Education (94)
Review on Technology (82),Study on Healthcare (96)
Impact on AI (83),Impact on Technology (52)
Impact on AI (83),Review on Technology (37)
Impact on AI (83),Insights on Education (6)
Impact on AI (83),Study on Technology (97)
Impact on AI (83),Study on Climate (95)
Analysis on Technology (84),Review on Climate (15)
Analysis on Technology (84),Insights on Healthcare (85)
Analysis on Technology (84),Insights on Technology (39)
Insights on Healthcare (85),Analysis on Healthcare (81)
Insights on Healthcare (85),Review on Education (56)
Insights on Healthcare (85),Trends on AI (12)
Insights on Healthcare (85),Impact on AI (36)
Insights on AI (86),Review on Energy (32)
Insights on AI (86),Analysis on Technology (9)
Insights on AI (86),Analysis on Healthcare (64)
Insights on AI (86),Trends on Energy (91)
Insights on AI (86),Trends on Education (98)
Analysis on Education (87),Trends on Education (54)
Impact on Technology (88),Impact on AI (16)
Impact on Technology (88),Trends on Climate (57)
Insights on Climate (89),Trends on Technology (4)
Analysis on Education (90),Trends on Education (76)
Analysis on Education (90),Impact on Technology (52)
Analysis on Education (90),Review on Healthcare (100)
Analysis on Education (90),Review on Technology (69)
Trends on Energy (91),Trends on Climate (57)
Insights on Education (92),Insights on Education (61)
Insights on Healthcare (93),Review on Energy (62)
Insights on Healthcare (93),Trends on Climate (1)
Insights on Healthcare (93),Impact on Technology (55)
Insights on Healthcare (93),Analysis on AI (58)
Review on Education (94),Insights on Education (6)
Study on Climate (95),Analysis on Climate (26)
Study on Healthcare (96),Trends on Technology (63)
Study on Technology (97),Analysis on Education (14)
Study on Technology (97),Trends on AI (46)
Study on Technology (97),Trends on Technology (63)
Trends on Education (98),Trends on AI (12)
Impact on Education (99),Impact on Healthcare (60)
Review on Healthcare (100),Insights on Education (77)
Review on Healthcare (100),Review on Education (34)
Review on Healthcare (100),Study on Healthcare (53)
Review on Healthcare (100),Insights on Climate (48)
Review on Healthcare (100),Review on Education (94)
